<?xml version="1.0" encoding="UTF-8" standalone="yes"?>
<manifest>
  <control namespace="ccwis" constructor="ccwisPhoneNumberFormate" version="0.0.1" display-name-key="ccwis_PhoneNumberFormate" description-key="CCWIS Phone Number Formatter" control-type="standard" api-version="1.3.18">
    <external-service-usage enabled="false"/>
    <property name="phoneNumber" display-name-key="Phone Number" description-key="The phone number field" of-type="SingleLine.Phone" usage="bound" required="true"/>
    <resources>
      <code path="bundle.js" order="1"/>
      <css path="css/ccwis_PhoneNumberFormate.css" order="1"/>
    </resources>
    <feature-usage/>
    <built-by name="pac" version="1.51.1"/>
  </control>
</manifest>